P1	L	L7CD1
P2	L	L7CD2
P3	V	V8CG1
P4	V	V8CG2
P5	I	I9CD1
P6	I	I11CD1
P7	L	L20CD1
P8	L	L20CD2
P9	A	A21CB
P10	V	V23CG1
P11	V	V23CG2
P12	T	T31CG2
P13	I	I33CD1
P14	V	V35CG1
P15	V	V35CG2
P16	T	T36CG2
P17	V	V37CG1
P18	V	V37CG2
P19	L	L43CD1
P20	L	L43CD2
P21	V	V50CG1
P22	V	V50CG2
P23	A	A51CB
P24	A	A52CB
P25	T	T53CG2
P26	I	I59CD1
P27	I	I60CD1
P28	A	A63CB
P29	A	A71CB
P30	L	L75CD1
P31	L	L75CD2
P32	L	L76CD1
P33	L	L76CD2
P34	A	A77CB
P35	I	I79CD1
P36	T	T80CG2
P37	A	A84CB
P38	L	L89CD1
P39	L	L89CD2
P40	T	T93CG2
P41	A	A96CB
P42	V	V97CG1
P43	V	V97CG2
P44	L	L103CD1
P45	L	L103CD2
P46	I	I104CD1
P47	A	A105CB
P48	I	I108CD1
P49	A	A109CB
P50	V	V110CG1
P51	V	V110CG2
P52	A	A112CB
P53	L	L113CD1
P54	L	L113CD2
P55	L	L115CD1
P56	L	L115CD2
P57	I	I116CD1
P58	L	L121CD1
P59	L	L121CD2
P60	L	L122CD1
P61	L	L122CD2
P62	T	T128CG2
P63	I	I132CD1
P64	A	A134CB
P65	L	L135CD1
P66	L	L135CD2
P67	L	L139CD1
P68	L	L139CD2
P69	A	A141CB
P70	A	A146CB
P71	L	L147CD1
P72	L	L147CD2
P73	M	M148CE
P74	L	L151CD1
P75	L	L151CD2
P76	T	T157CG2
P77	L	L160CD1
P78	L	L160CD2
P79	I	I161CD1
P80	A	A162CB
P81	A	A163CB
P82	A	A168CB
P83	I	I178CD1
P84	V	V181CG1
P85	V	V181CG2
P86	V	V183CG1
P87	V	V183CG2
P88	A	A186CB
P89	A	A188CB
P90	A	A190CB
P91	L	L192CD1
P92	L	L192CD2
P93	T	T193CG2
P94	L	L195CD1
P95	L	L195CD2
P96	V	V196CG1
P97	V	V196CG2
P98	L	L198CD1
P99	L	L198CD2
P100	I	I199CD1
P101	M	M204CE
P102	A	A206CB
P103	T	T208CG2
P104	I	I212CD1
P105	A	A213CB
P106	A	A215CB
P107	A	A216CB
P108	T	T222CG2
P109	A	A223CB
P110	M	M224CE
P111	T	T225CG2
P112	I	I226CD1
P113	A	A231CB
P114	I	I235CD1
P115	T	T237CG2
P116	V	V240CG1
P117	V	V240CG2
P118	V	V244CG1
P119	V	V244CG2
P120	T	T245CG2
P121	V	V246CG1
P122	V	V246CG2
P123	L	L247CD1
P124	L	L247CD2
P125	T	T249CG2
P126	V	V259CG1
P127	V	V259CG2
P128	V	V261CG1
P129	V	V261CG2
P130	L	L262CD1
P131	L	L262CD2
P132	A	A264CB
P133	I	I266CD1
P134	A	A268CB
P135	A	A269CB
P136	L	L275CD1
P137	L	L275CD2
P138	A	A276CB
P139	L	L280CD1
P140	L	L280CD2
P141	L	L284CD1
P142	L	L284CD2
P143	L	L285CD1
P144	L	L285CD2
P145	T	T286CG2
P146	L	L290CD1
P147	L	L290CD2
P148	A	A292CB
P149	V	V293CG1
P150	V	V293CG2
P151	L	L299CD1
P152	L	L299CD2
P153	A	A301CB
P154	V	V302CG1
P155	V	V302CG2
P156	A	A303CB
P157	L	L304CD1
P158	L	L304CD2
P159	L	L311CD1
P160	L	L311CD2
P161	A	A312CB
P162	I	I317CD1
P163	A	A318CB
P164	A	A319CB
P165	T	T320CG2
P166	M	M321CE
P167	A	A324CB
P168	I	I329CD1
P169	M	M330CE
P170	I	I333CD1
P171	M	M336CE
P172	A	A338CB
P173	A	A342CB
P174	V	V343CG1
P175	V	V343CG2
P176	T	T345CG2
P177	A	A346CB
P178	V	V347CG1
P179	V	V347CG2
P180	I	I348CD1
P181	A	A350CB
P182	A	A351CB
P183	T	T356CG2
P184	V	V357CG1
P185	V	V357CG2
P186	A	A360CB
P187	L	L361CD1
P188	L	L361CD2
P189	A	A364CB
P190	T	T366CG2
P191	I	I368CD1
P192	T	T369CG2
